,similarity_group,count,mean,std,min,25%,50%,75%,max
similarity_to_overall_average,High Similarity,1334.0,0.38424883986505415,0.02393405380932494,0.3556295272600607,0.36609107847876554,0.37787615674836306,0.39596139894736887,0.5209200774892454
similarity_to_overall_average,Low Similarity,1398.0,0.20723893705902188,0.026958617407692995,0.0704313108919304,0.19402398258950881,0.21349691905672874,0.22793881487263404,0.2388880864252041
similarity_to_industry_average,High Similarity,957.0,0.5242530968753287,0.05587699327166364,0.4557392376043552,0.4815357864090623,0.5099609692767262,0.5556038034687173,0.766612503218582
similarity_to_industry_average,Low Similarity,945.0,0.20358123642159834,0.03942616936757239,0.029276549928489,0.1805368982298365,0.2149633885165979,0.2350591754904567,0.2497903756954989
similarity_to_company_average,High Similarity,1112.0,0.5932218993247117,0.06429393442712046,0.5252095485372796,0.5473386747043065,0.5758042303564386,0.6183193378778968,0.9740883038378204
similarity_to_company_average,Low Similarity,1162.0,0.23942171427199757,0.04567535098611716,0.0493347893688292,0.21420532187095617,0.2510106821686545,0.2753111634830411,0.2950938225492066
